k,rep,rule,mase,smape,rmsse,owa
2,0,equal,1.3776,0.1213,1.1677,0.8307
2,0,inv_error_series,1.3473,0.1195,1.1414,0.8155
2,1,equal,1.3195,0.1188,1.128,0.8047
2,1,inv_error_series,1.3169,0.1185,1.1263,0.803
2,2,equal,1.38,0.1205,1.1731,0.8286
2,2,inv_error_series,1.3597,0.1194,1.1563,0.8186
2,3,equal,1.308,0.1164,1.1128,0.793
2,3,inv_error_series,1.305,0.1164,1.1102,0.7922
2,4,equal,1.3184,0.1181,1.1278,0.802
2,4,inv_error_series,1.3059,0.1174,1.1168,0.7958
2,5,equal,1.328,0.1174,1.1368,0.8024
2,5,inv_error_series,1.3168,0.1169,1.1271,0.7971
2,6,equal,1.3787,0.1217,1.1707,0.8322
2,6,inv_error_series,1.355,0.1201,1.1521,0.8196
2,7,equal,1.3239,0.1188,1.1328,0.806
2,7,inv_error_series,1.3217,0.1186,1.131,0.8048
2,8,equal,1.3691,0.1209,1.1665,0.8268
2,8,inv_error_series,1.3476,0.1195,1.1491,0.8156
2,9,equal,1.372,0.1173,1.1699,0.8149
2,9,inv_error_series,1.3531,0.117,1.154,0.8083
2,10,equal,1.33,0.1165,1.1378,0.7996
2,10,inv_error_series,1.3224,0.1166,1.1312,0.7977
2,11,equal,1.3049,0.1149,1.1144,0.7868
2,11,inv_error_series,1.2926,0.1147,1.1038,0.7826
2,12,equal,1.3464,0.1167,1.1463,0.8054
2,12,inv_error_series,1.3255,0.1163,1.1281,0.7976
2,13,equal,1.3058,0.1142,1.1133,0.7845
2,13,inv_error_series,1.3012,0.1142,1.1094,0.7831
2,14,equal,1.3564,0.1176,1.1558,0.8112
2,14,inv_error_series,1.3406,0.1172,1.1426,0.8054
2,15,equal,1.2992,0.1149,1.1075,0.785
2,15,inv_error_series,1.298,0.1149,1.1067,0.7847
2,16,equal,1.3161,0.1154,1.1226,0.7919
2,16,inv_error_series,1.3133,0.1157,1.1206,0.792
2,17,equal,1.3564,0.1162,1.1552,0.8066
2,17,inv_error_series,1.327,0.1157,1.1283,0.7959
2,18,equal,1.3074,0.1149,1.1138,0.7874
2,18,inv_error_series,1.3057,0.1151,1.1124,0.7877
2,19,equal,1.3201,0.1179,1.1297,0.8018
2,19,inv_error_series,1.306,0.1172,1.1174,0.7954
3,0,equal,1.3015,0.1159,1.1117,0.7894
3,0,inv_error_series,1.3,0.1157,1.1107,0.7883
3,1,equal,1.295,0.1154,1.1056,0.7856
3,1,inv_error_series,1.2929,0.1153,1.1046,0.7846
3,2,equal,1.3399,0.1195,1.1431,0.8132
3,2,inv_error_series,1.3218,0.1182,1.1285,0.8035
3,3,equal,1.3272,0.1181,1.1286,0.8045
3,3,inv_error_series,1.3087,0.1167,1.1143,0.7942
3,4,equal,1.2932,0.1156,1.1032,0.7859
3,4,inv_error_series,1.29,0.1154,1.1011,0.7842
3,5,equal,1.318,0.118,1.1266,0.8015
3,5,inv_error_series,1.3152,0.1177,1.1244,0.7997
3,6,equal,1.3292,0.1174,1.1309,0.8027
3,6,inv_error_series,1.3131,0.1163,1.1182,0.794
3,7,equal,1.3319,0.1184,1.1356,0.8069
3,7,inv_error_series,1.3115,0.1174,1.1184,0.7974
3,8,equal,1.3243,0.1162,1.1284,0.797
3,8,inv_error_series,1.3117,0.1159,1.1183,0.7923
3,9,equal,1.347,0.1177,1.1455,0.8088
3,9,inv_error_series,1.3308,0.1167,1.1323,0.8006
3,10,equal,1.2844,0.1137,1.0961,0.7766
3,10,inv_error_series,1.2825,0.1137,1.0945,0.7762
3,11,equal,1.3352,0.1192,1.1388,0.8108
3,11,inv_error_series,1.3121,0.1182,1.1197,0.8004
3,12,equal,1.3022,0.1148,1.1089,0.7855
3,12,inv_error_series,1.2914,0.1144,1.1005,0.781
3,13,equal,1.3315,0.1179,1.1358,0.8051
3,13,inv_error_series,1.3187,0.1173,1.1259,0.7991
3,14,equal,1.2941,0.1141,1.1054,0.7807
3,14,inv_error_series,1.291,0.1142,1.1027,0.7801
3,15,equal,1.3248,0.1175,1.1296,0.8018
3,15,inv_error_series,1.3076,0.1164,1.1153,0.7928
3,16,equal,1.3213,0.1187,1.1303,0.8051
3,16,inv_error_series,1.3158,0.1183,1.1261,0.802
3,17,equal,1.3024,0.1144,1.1125,0.7843
3,17,inv_error_series,1.2978,0.1144,1.109,0.783
3,18,equal,1.3593,0.121,1.1594,0.8243
3,18,inv_error_series,1.3449,0.1201,1.148,0.8169
3,19,equal,1.2931,0.1176,1.1056,0.7927
3,19,inv_error_series,1.29,0.1172,1.1034,0.7905
4,0,equal,1.2763,0.1137,1.0894,0.774
4,0,inv_error_series,1.2734,0.1135,1.0876,0.7727
4,1,equal,1.2888,0.1138,1.0984,0.7781
4,1,inv_error_series,1.2779,0.1135,1.0896,0.774
4,2,equal,1.2917,0.1152,1.1036,0.7841
4,2,inv_error_series,1.288,0.115,1.101,0.7822
4,3,equal,1.3065,0.1156,1.117,0.7895
4,3,inv_error_series,1.3037,0.1156,1.1151,0.7889
4,4,equal,1.3106,0.1151,1.1195,0.789
4,4,inv_error_series,1.302,0.1147,1.1125,0.7854
4,5,equal,1.3044,0.1167,1.1153,0.793
4,5,inv_error_series,1.3011,0.1164,1.1128,0.7909
4,6,equal,1.2915,0.1145,1.1032,0.7814
4,6,inv_error_series,1.2884,0.1144,1.101,0.7801
4,7,equal,1.283,0.1144,1.0957,0.7785
4,7,inv_error_series,1.2773,0.1142,1.0908,0.7761
4,8,equal,1.3272,0.1178,1.1311,0.8034
4,8,inv_error_series,1.308,0.1168,1.1154,0.7942
4,9,equal,1.2938,0.1159,1.1048,0.787
4,9,inv_error_series,1.2883,0.1153,1.1006,0.7835
4,10,equal,1.2908,0.1166,1.1014,0.7886
4,10,inv_error_series,1.2866,0.1161,1.0981,0.7857
4,11,equal,1.305,0.1156,1.1117,0.7893
4,11,inv_error_series,1.2888,0.1147,1.0992,0.7812
4,12,equal,1.3136,0.1153,1.1183,0.7908
4,12,inv_error_series,1.2982,0.1145,1.106,0.7834
4,13,equal,1.2852,0.1137,1.0956,0.7768
4,13,inv_error_series,1.2797,0.1136,1.0916,0.7747
4,14,equal,1.313,0.115,1.1203,0.7895
4,14,inv_error_series,1.3019,0.1146,1.1112,0.7849
4,15,equal,1.3236,0.1151,1.1262,0.7928
4,15,inv_error_series,1.2972,0.1139,1.1048,0.7811
4,16,equal,1.3002,0.1157,1.1072,0.7882
4,16,inv_error_series,1.2866,0.1149,1.0964,0.7813
4,17,equal,1.3051,0.1143,1.1108,0.7847
4,17,inv_error_series,1.29,0.1135,1.0991,0.7774
4,18,equal,1.3094,0.1163,1.1149,0.7931
4,18,inv_error_series,1.2967,0.1153,1.105,0.7858
4,19,equal,1.3539,0.1193,1.1524,0.8167
4,19,inv_error_series,1.3335,0.118,1.1368,0.806
5,0,equal,1.2825,0.1149,1.0958,0.7802
5,0,inv_error_series,1.2817,0.1147,1.0954,0.7794
5,1,equal,1.3092,0.117,1.1148,0.7954
5,1,inv_error_series,1.2945,0.1159,1.1033,0.7872
5,2,equal,1.3104,0.1143,1.1159,0.7863
5,2,inv_error_series,1.2932,0.1136,1.1018,0.7787
5,3,equal,1.289,0.1146,1.0988,0.781
5,3,inv_error_series,1.2797,0.1138,1.0915,0.7755
5,4,equal,1.307,0.1151,1.1141,0.7881
5,4,inv_error_series,1.2923,0.1143,1.1022,0.7808
5,5,equal,1.2991,0.115,1.1077,0.7854
5,5,inv_error_series,1.2898,0.1143,1.1005,0.7802
5,6,equal,1.3084,0.1165,1.1169,0.7936
5,6,inv_error_series,1.3019,0.116,1.1118,0.7897
5,7,equal,1.3026,0.114,1.1095,0.7831
5,7,inv_error_series,1.2861,0.1133,1.0958,0.7757
5,8,equal,1.2848,0.1145,1.097,0.7795
5,8,inv_error_series,1.2821,0.1144,1.0952,0.7782
5,9,equal,1.2888,0.1137,1.099,0.7777
5,9,inv_error_series,1.2795,0.1135,1.0919,0.7743
5,10,equal,1.2802,0.1135,1.0922,0.7747
5,10,inv_error_series,1.2743,0.1133,1.0879,0.7723
5,11,equal,1.29,0.114,1.1003,0.7792
5,11,inv_error_series,1.2777,0.1133,1.0902,0.773
5,12,equal,1.295,0.1151,1.1045,0.7845
5,12,inv_error_series,1.2827,0.1143,1.0949,0.778
5,13,equal,1.3052,0.115,1.1118,0.7873
5,13,inv_error_series,1.2906,0.1142,1.1002,0.7802
5,14,equal,1.2943,0.1147,1.1045,0.7831
5,14,inv_error_series,1.2901,0.1145,1.1012,0.7812
5,15,equal,1.2927,0.1142,1.1024,0.7807
5,15,inv_error_series,1.2867,0.114,1.0978,0.7782
5,16,equal,1.2721,0.1129,1.0875,0.7702
5,16,inv_error_series,1.2693,0.1129,1.0852,0.7694
5,17,equal,1.303,0.1151,1.1124,0.7869
5,17,inv_error_series,1.2936,0.1144,1.105,0.7818
5,18,equal,1.3146,0.1165,1.1217,0.7951
5,18,inv_error_series,1.3006,0.1155,1.1104,0.7875
5,19,equal,1.2962,0.1149,1.1078,0.7843
5,19,inv_error_series,1.2921,0.1147,1.1046,0.7824
6,0,equal,1.2989,0.1155,1.1074,0.7871
6,0,inv_error_series,1.287,0.1148,1.0981,0.7811
6,1,equal,1.3047,0.1153,1.1129,0.788
6,1,inv_error_series,1.2921,0.1144,1.1029,0.7814
6,2,equal,1.3101,0.1162,1.117,0.7927
6,2,inv_error_series,1.2958,0.1152,1.1058,0.7853
6,3,equal,1.3018,0.1157,1.1101,0.7887
6,3,inv_error_series,1.2888,0.1149,1.1001,0.7822
6,4,equal,1.2844,0.1148,1.096,0.7803
6,4,inv_error_series,1.2794,0.1144,1.0923,0.7774
6,5,equal,1.2983,0.1153,1.1075,0.7861
6,5,inv_error_series,1.2893,0.1145,1.1004,0.7809
6,6,equal,1.3043,0.1146,1.1122,0.7856
6,6,inv_error_series,1.2896,0.1139,1.1005,0.7786
6,7,equal,1.2963,0.1139,1.1047,0.7809
6,7,inv_error_series,1.2839,0.1133,1.095,0.775
6,8,equal,1.2851,0.114,1.0978,0.7776
6,8,inv_error_series,1.2798,0.1138,1.0937,0.7755
6,9,equal,1.3041,0.1154,1.113,0.7881
6,9,inv_error_series,1.292,0.1147,1.1031,0.7823
6,10,equal,1.2969,0.1146,1.1063,0.7833
6,10,inv_error_series,1.285,0.1138,1.0969,0.7771
6,11,equal,1.2976,0.1143,1.1052,0.7826
6,11,inv_error_series,1.2859,0.1136,1.0961,0.7767
6,12,equal,1.3027,0.115,1.1104,0.7865
6,12,inv_error_series,1.2877,0.1141,1.0987,0.779
6,13,equal,1.2706,0.1129,1.0853,0.7697
6,13,inv_error_series,1.2684,0.1128,1.0834,0.7688
6,14,equal,1.2982,0.1147,1.1059,0.7841
6,14,inv_error_series,1.2841,0.1139,1.0948,0.7772
6,15,equal,1.2841,0.1136,1.0968,0.776
6,15,inv_error_series,1.2793,0.1134,1.0931,0.774
6,16,equal,1.2799,0.1144,1.0925,0.7777
6,16,inv_error_series,1.275,0.114,1.0888,0.775
6,17,equal,1.2949,0.1157,1.1057,0.7868
6,17,inv_error_series,1.2857,0.1151,1.0985,0.7817
6,18,equal,1.3019,0.1155,1.1107,0.7881
6,18,inv_error_series,1.2885,0.1147,1.1001,0.7813
6,19,equal,1.2868,0.1135,1.0976,0.7767
6,19,inv_error_series,1.2796,0.1133,1.0919,0.7738
7,0,equal,1.2913,0.1139,1.1009,0.7794
7,0,inv_error_series,1.28,0.1133,1.0921,0.7738
7,1,equal,1.2933,0.1138,1.1018,0.7793
7,1,inv_error_series,1.2798,0.113,1.0913,0.7729
7,2,equal,1.2976,0.1151,1.1063,0.7853
7,2,inv_error_series,1.2871,0.1144,1.0982,0.7798
7,3,equal,1.2896,0.1142,1.1023,0.7799
7,3,inv_error_series,1.2856,0.1141,1.0991,0.7781
7,4,equal,1.2897,0.1145,1.101,0.7808
7,4,inv_error_series,1.2817,0.1138,1.0946,0.7762
7,5,equal,1.295,0.1151,1.1046,0.7846
7,5,inv_error_series,1.2836,0.1144,1.0958,0.7786
7,6,equal,1.2862,0.1139,1.0978,0.7779
7,6,inv_error_series,1.2768,0.1133,1.0905,0.773
7,7,equal,1.2972,0.115,1.1068,0.7849
7,7,inv_error_series,1.2853,0.1143,1.0976,0.779
7,8,equal,1.2864,0.1145,1.0983,0.7801
7,8,inv_error_series,1.281,0.1143,1.0943,0.7775
7,9,equal,1.2919,0.1151,1.1025,0.7836
7,9,inv_error_series,1.2825,0.1144,1.0953,0.7784
7,10,equal,1.2945,0.1138,1.1038,0.7799
7,10,inv_error_series,1.2841,0.1132,1.0957,0.7747
7,11,equal,1.2877,0.1137,1.0975,0.7775
7,11,inv_error_series,1.2782,0.1132,1.0901,0.7729
7,12,equal,1.2935,0.1142,1.1034,0.7809
7,12,inv_error_series,1.2829,0.1136,1.095,0.7756
7,13,equal,1.3039,0.1154,1.113,0.7881
7,13,inv_error_series,1.2948,0.1148,1.106,0.7834
7,14,equal,1.2948,0.1147,1.1045,0.783
7,14,inv_error_series,1.2838,0.114,1.0958,0.7775
7,15,equal,1.2915,0.1137,1.1004,0.7784
7,15,inv_error_series,1.2785,0.113,1.0903,0.7723
7,16,equal,1.2901,0.1155,1.1014,0.7847
7,16,inv_error_series,1.2826,0.1149,1.0955,0.7801
7,17,equal,1.2953,0.1143,1.1045,0.782
7,17,inv_error_series,1.2831,0.1136,1.095,0.7759
7,18,equal,1.2988,0.1153,1.1082,0.7862
7,18,inv_error_series,1.2864,0.1145,1.0984,0.78
7,19,equal,1.2937,0.1151,1.1031,0.7842
7,19,inv_error_series,1.2811,0.1143,1.0934,0.7776
8,0,equal,1.2875,0.1141,1.099,0.7788
8,0,inv_error_series,1.2802,0.1136,1.0933,0.7748
8,1,equal,1.2953,0.1148,1.1051,0.7835
8,1,inv_error_series,1.2856,0.1141,1.0976,0.7784
8,2,equal,1.2893,0.1136,1.0993,0.7777
8,2,inv_error_series,1.2775,0.113,1.0901,0.772
8,3,equal,1.2882,0.1139,1.0996,0.7783
8,3,inv_error_series,1.2786,0.1133,1.092,0.7736
8,4,equal,1.2872,0.1137,1.0976,0.7775
8,4,inv_error_series,1.2771,0.1131,1.0898,0.7724
8,5,equal,1.2873,0.1139,1.0983,0.7781
8,5,inv_error_series,1.2772,0.1133,1.0904,0.7729
8,6,equal,1.2919,0.1139,1.1015,0.7795
8,6,inv_error_series,1.2801,0.1133,1.0923,0.7737
8,7,equal,1.295,0.1148,1.1054,0.7836
8,7,inv_error_series,1.2839,0.1142,1.0966,0.778
8,8,equal,1.2914,0.1146,1.102,0.7818
8,8,inv_error_series,1.2812,0.1139,1.0941,0.7764
8,9,equal,1.2793,0.1137,1.0929,0.775
8,9,inv_error_series,1.2745,0.1134,1.0892,0.7727
8,10,equal,1.2909,0.1145,1.101,0.7814
8,10,inv_error_series,1.2812,0.1139,1.0936,0.7764
8,11,equal,1.291,0.114,1.1014,0.7795
8,11,inv_error_series,1.2798,0.1134,1.0927,0.7741
8,12,equal,1.2872,0.1137,1.0978,0.7774
8,12,inv_error_series,1.2767,0.1131,1.0896,0.7721
8,13,equal,1.2808,0.1137,1.094,0.7756
8,13,inv_error_series,1.2754,0.1135,1.0898,0.7731
8,14,equal,1.2887,0.1138,1.0991,0.7781
8,14,inv_error_series,1.2777,0.1132,1.0904,0.7727
8,15,equal,1.2846,0.1136,1.0957,0.7764
8,15,inv_error_series,1.2751,0.1131,1.0882,0.7716
8,16,equal,1.2937,0.1146,1.1035,0.7826
8,16,inv_error_series,1.2828,0.114,1.0951,0.777
8,17,equal,1.287,0.1137,1.0977,0.7773
8,17,inv_error_series,1.2764,0.1131,1.0894,0.772
8,18,equal,1.2869,0.1136,1.0977,0.7769
8,18,inv_error_series,1.2765,0.113,1.0895,0.7718
8,19,equal,1.2892,0.1136,1.0992,0.7776
8,19,inv_error_series,1.2774,0.113,1.0901,0.7719
