freq,method,mase,smape,rmsse,owa
overall,timesfm-2.5-200m,1.8293,0.0833,1.4348,0.8007
overall,autoarima,1.8952,0.0967,1.4791,0.8777
overall,autoets,2.0443,0.1039,1.6096,0.9448
overall,autotheta,2.0352,0.1001,1.6119,0.9255
overall,chronos-t5-base,1.8722,0.0843,1.4647,0.8154
overall,chronos-t5-small,1.8255,0.0831,1.443,0.7989
overall,combo/best_single_val,1.8224,0.0881,1.4309,0.8216
overall,combo/equal,1.8071,0.0842,1.4196,0.7998
overall,naive2,2.2008,0.1081,1.7439,1.0
overall,combo/inv_error_series,1.7584,0.081,1.3785,0.7743
overall,combo/inv_rank_series,1.7681,0.0823,1.3877,0.7823
overall,combo/median,1.8131,0.084,1.4245,0.8003
overall,combo/nnls_series,1.8258,0.085,1.4286,0.8078
overall,combo/oracle_best,1.3665,0.0623,1.0988,0.5988
overall,combo/trim1_equal,1.7795,0.0829,1.3986,0.7878
overall,combo/inv_error_global,1.7834,0.0822,1.3997,0.7855
weekly,combo/inv_rank_series,1.9575,0.0652,1.3743,
weekly,combo/inv_error_series,1.9533,0.0656,1.3715,
weekly,combo/inv_error_global,2.0587,0.0719,1.4474,
weekly,combo/equal,2.0768,0.0731,1.46,
weekly,combo/best_single_val,2.0009,0.0679,1.401,
weekly,chronos-t5-small,2.0857,0.0656,1.4655,
weekly,chronos-t5-base,2.0789,0.0653,1.4416,
weekly,autotheta,2.38,0.0987,1.6634,
quarterly,timesfm-2.5-200m,1.2971,0.1102,1.1065,
weekly,autoarima,2.2241,0.0958,1.558,
weekly,combo/median,2.1686,0.0848,1.5256,
quarterly,naive2,1.621,0.1315,1.3715,
quarterly,combo/trim1_equal,1.2341,0.104,1.0591,
quarterly,combo/oracle_best,0.9195,0.0802,0.8159,
quarterly,combo/nnls_series,1.2717,0.1109,1.0866,
quarterly,combo/median,1.2526,0.1059,1.0732,
quarterly,combo/inv_rank_series,1.251,0.1066,1.0724,
weekly,autoets,2.3245,0.0943,1.625,
weekly,combo/nnls_series,1.9939,0.0676,1.3856,
weekly,naive2,2.5955,0.0984,1.8254,
weekly,combo/trim1_equal,2.0119,0.0704,1.4183,
yearly,timesfm-2.5-200m,3.186,0.0845,2.5639,
yearly,naive2,4.3372,0.111,3.663,
yearly,combo/trim1_equal,2.878,0.0781,2.3522,
yearly,combo/oracle_best,1.6811,0.0483,1.4296,
yearly,combo/nnls_series,3.1357,0.0862,2.6107,
yearly,combo/median,3.0561,0.0824,2.4682,
yearly,combo/inv_rank_series,2.8283,0.0777,2.3235,
yearly,combo/inv_error_series,2.8373,0.0769,2.3121,
yearly,combo/inv_error_global,2.8071,0.076,2.2947,
yearly,combo/equal,2.8332,0.0765,2.3112,
yearly,combo/best_single_val,2.8425,0.0792,2.3745,
yearly,chronos-t5-small,2.9448,0.0791,2.4517,
quarterly,combo/inv_error_series,1.2407,0.1049,1.0643,
yearly,autotheta,3.07,0.0855,2.4459,
yearly,autoets,2.7719,0.0756,2.322,
yearly,autoarima,2.991,0.0799,2.4659,
weekly,timesfm-2.5-200m,1.9578,0.0653,1.3816,
weekly,combo/oracle_best,1.534,0.0533,1.1129,
yearly,chronos-t5-base,3.3641,0.0886,2.7059,
daily,autoarima,3.6954,0.043,2.7616,
quarterly,combo/best_single_val,1.3058,0.1144,1.1192,
hourly,combo/inv_error_series,0.7184,0.0783,0.6613,
hourly,combo/inv_error_global,0.7647,0.0813,0.7044,
hourly,combo/equal,0.8558,0.09,0.7851,
hourly,combo/best_single_val,0.738,0.0845,0.6812,
hourly,chronos-t5-small,0.7569,0.0718,0.7104,
hourly,chronos-t5-base,0.7088,0.0725,0.662,
hourly,autotheta,1.6559,0.139,1.5306,
hourly,autoets,1.676,0.1582,1.4929,
hourly,autoarima,0.8692,0.107,0.7949,
daily,timesfm-2.5-200m,3.7264,0.0373,2.796,
daily,naive2,3.5802,0.0336,2.6967,
hourly,combo/inv_rank_series,0.7452,0.0808,0.6848,
daily,combo/trim1_equal,3.5571,0.0386,2.6819,
daily,combo/nnls_series,3.7312,0.0428,2.7889,
daily,combo/median,3.5526,0.0332,2.6789,
daily,combo/inv_rank_series,3.6005,0.0411,2.7084,
daily,combo/inv_error_series,3.59,0.0406,2.7002,
daily,combo/inv_error_global,3.5625,0.0373,2.6867,
daily,combo/equal,3.562,0.0371,2.6865,
daily,combo/best_single_val,3.7419,0.0432,2.8023,
daily,chronos-t5-small,3.5648,0.0329,2.7007,
daily,chronos-t5-base,3.7872,0.0351,2.8473,
daily,autotheta,3.4993,0.034,2.6434,
daily,autoets,3.7151,0.0426,2.779,
daily,combo/oracle_best,2.9983,0.0275,2.2923,
quarterly,combo/equal,1.2518,0.1059,1.072,
hourly,combo/median,0.7509,0.0797,0.709,
hourly,combo/oracle_best,0.5571,0.064,0.5328,
quarterly,chronos-t5-small,1.3607,0.1208,1.1593,
quarterly,chronos-t5-base,1.3297,0.1184,1.1427,
quarterly,autotheta,1.2928,0.1093,1.0896,
quarterly,autoets,1.2765,0.1104,1.0746,
quarterly,autoarima,1.2784,0.1131,1.0808,
monthly,timesfm-2.5-200m,0.9597,0.1283,0.8268,
monthly,naive2,1.3018,0.1556,1.1046,
monthly,combo/trim1_equal,0.9235,0.1197,0.7888,
monthly,combo/oracle_best,0.6886,0.0925,0.6142,
monthly,combo/nnls_series,0.9361,0.1225,0.8029,
monthly,combo/median,0.9112,0.1187,0.7853,
hourly,combo/nnls_series,0.7467,0.083,0.6866,
monthly,combo/inv_rank_series,0.9165,0.1213,0.7841,
monthly,combo/inv_error_global,0.9225,0.1189,0.7878,
monthly,combo/equal,0.9265,0.1191,0.791,
monthly,combo/best_single_val,0.9681,0.1356,0.8342,
monthly,chronos-t5-small,0.976,0.1288,0.845,
monthly,chronos-t5-base,0.9518,0.132,0.8211,
monthly,autotheta,0.9665,0.1251,0.8315,
monthly,autoets,0.9399,0.1231,0.8116,
monthly,autoarima,1.0192,0.1311,0.8631,
hourly,timesfm-2.5-200m,0.7433,0.0772,0.6884,
hourly,naive2,1.2001,0.1226,1.1005,
hourly,combo/trim1_equal,0.7869,0.0852,0.723,
monthly,combo/inv_error_series,0.9138,0.1192,0.7816,
quarterly,combo/inv_error_global,1.2481,0.1057,1.0691,
